case_id,painting_id,mask_id,mask_type,mask_filename,mask_path,seed,target_area_min_pct,target_area_max_pct,actual_mask_area_pixels,actual_mask_area_percentage_content,actual_mask_area_percentage_full,content_x_min,content_y_min,content_x_max,content_y_max,touches_content_border,bbox_x_min,bbox_y_min,bbox_x_max,bbox_y_max,bbox_width,bbox_height,status,issue
p001_zero_control,p001,p001_zero_control,zero_control,p001_zero_control_mask.png,D:\Masters\FH\Thesis\painting-restoration-eval\data\processed\masks\p001_zero_control_mask.png,20260630,0.0,0.0,0,0.0,0.0,52,0,715,768,False,,,,,0,0,ok,
p001_scratch_thin,p001,p001_scratch_thin,scratch_thin,p001_scratch_thin_mask.png,D:\Masters\FH\Thesis\painting-restoration-eval\data\processed\masks\p001_scratch_thin_mask.png,20260631,1.0,3.0,8012,1.5735,1.3584,52,0,715,768,True,52.0,0.0,715.0,768.0,663,768,ok,
p001_loss_small,p001,p001_loss_small,loss_small,p001_loss_small_mask.png,D:\Masters\FH\Thesis\painting-restoration-eval\data\processed\masks\p001_loss_small_mask.png,20260632,3.0,6.0,24198,4.7523,4.1026,52,0,715,768,False,80.0,113.0,703.0,576.0,623,463,ok,
p001_loss_large,p001,p001_loss_large,loss_large,p001_loss_large_mask.png,D:\Masters\FH\Thesis\painting-restoration-eval\data\processed\masks\p001_loss_large_mask.png,20260633,10.0,18.0,67242,13.2058,11.4003,52,0,715,768,False,229.0,364.0,588.0,686.0,359,322,ok,
p001_mixed_damage,p001,p001_mixed_damage,mixed_damage,p001_mixed_damage_mask.png,D:\Masters\FH\Thesis\painting-restoration-eval\data\processed\masks\p001_mixed_damage_mask.png,20260634,8.0,15.0,44392,8.7183,7.5263,52,0,715,768,True,52.0,0.0,715.0,768.0,663,768,ok,
p002_zero_control,p002,p002_zero_control,zero_control,p002_zero_control_mask.png,D:\Masters\FH\Thesis\painting-restoration-eval\data\processed\masks\p002_zero_control_mask.png,20260730,0.0,0.0,0,0.0,0.0,159,0,608,768,False,,,,,0,0,ok,
p002_scratch_thin,p002,p002_scratch_thin,scratch_thin,p002_scratch_thin_mask.png,D:\Masters\FH\Thesis\painting-restoration-eval\data\processed\masks\p002_scratch_thin_mask.png,20260731,1.0,3.0,8436,2.4464,1.4303,159,0,608,768,True,193.0,0.0,584.0,768.0,391,768,ok,
p002_loss_small,p002,p002_loss_small,loss_small,p002_loss_small_mask.png,D:\Masters\FH\Thesis\painting-restoration-eval\data\processed\masks\p002_loss_small_mask.png,20260732,3.0,6.0,19520,5.6607,3.3095,159,0,608,768,False,197.0,45.0,537.0,742.0,340,697,ok,
p002_loss_large,p002,p002_loss_large,loss_large,p002_loss_large_mask.png,D:\Masters\FH\Thesis\painting-restoration-eval\data\processed\masks\p002_loss_large_mask.png,20260733,10.0,18.0,49705,14.4143,8.4271,159,0,608,768,False,291.0,451.0,587.0,729.0,296,278,ok,
p002_mixed_damage,p002,p002_mixed_damage,mixed_damage,p002_mixed_damage_mask.png,D:\Masters\FH\Thesis\painting-restoration-eval\data\processed\masks\p002_mixed_damage_mask.png,20260734,8.0,15.0,42027,12.1877,7.1253,159,0,608,768,True,159.0,0.0,608.0,765.0,449,765,ok,
p003_zero_control,p003,p003_zero_control,zero_control,p003_zero_control_mask.png,D:\Masters\FH\Thesis\painting-restoration-eval\data\processed\masks\p003_zero_control_mask.png,20260830,0.0,0.0,0,0.0,0.0,77,0,691,768,False,,,,,0,0,ok,
p003_scratch_thin,p003,p003_scratch_thin,scratch_thin,p003_scratch_thin_mask.png,D:\Masters\FH\Thesis\painting-restoration-eval\data\processed\masks\p003_scratch_thin_mask.png,20260831,1.0,3.0,10496,2.2258,1.7795,77,0,691,768,True,77.0,0.0,691.0,768.0,614,768,ok,
p003_loss_small,p003,p003_loss_small,loss_small,p003_loss_small_mask.png,D:\Masters\FH\Thesis\painting-restoration-eval\data\processed\masks\p003_loss_small_mask.png,20260832,3.0,6.0,20912,4.4347,3.5455,77,0,691,768,False,96.0,82.0,420.0,736.0,324,654,ok,
p003_loss_large,p003,p003_loss_large,loss_large,p003_loss_large_mask.png,D:\Masters\FH\Thesis\painting-restoration-eval\data\processed\masks\p003_loss_large_mask.png,20260833,10.0,18.0,48196,10.2207,8.1713,77,0,691,768,False,158.0,35.0,444.0,313.0,286,278,ok,
p003_mixed_damage,p003,p003_mixed_damage,mixed_damage,p003_mixed_damage_mask.png,D:\Masters\FH\Thesis\painting-restoration-eval\data\processed\masks\p003_mixed_damage_mask.png,20260834,8.0,15.0,48680,10.3234,8.2533,77,0,691,768,True,77.0,10.0,691.0,768.0,614,758,ok,
p004_zero_control,p004,p004_zero_control,zero_control,p004_zero_control_mask.png,D:\Masters\FH\Thesis\painting-restoration-eval\data\processed\masks\p004_zero_control_mask.png,20260930,0.0,0.0,0,0.0,0.0,0,71,768,696,False,,,,,0,0,ok,
p004_scratch_thin,p004,p004_scratch_thin,scratch_thin,p004_scratch_thin_mask.png,D:\Masters\FH\Thesis\painting-restoration-eval\data\processed\masks\p004_scratch_thin_mask.png,20260931,1.0,3.0,9499,1.979,1.6105,0,71,768,696,True,0.0,108.0,768.0,696.0,768,588,ok,
p004_loss_small,p004,p004_loss_small,loss_small,p004_loss_small_mask.png,D:\Masters\FH\Thesis\painting-restoration-eval\data\processed\masks\p004_loss_small_mask.png,20260932,3.0,6.0,16444,3.4258,2.788,0,71,768,696,False,138.0,153.0,725.0,449.0,587,296,ok,
p004_loss_large,p004,p004_loss_large,loss_large,p004_loss_large_mask.png,D:\Masters\FH\Thesis\painting-restoration-eval\data\processed\masks\p004_loss_large_mask.png,20260933,10.0,18.0,56801,11.8335,9.6302,0,71,768,696,False,264.0,303.0,570.0,663.0,306,360,ok,
p004_mixed_damage,p004,p004_mixed_damage,mixed_damage,p004_mixed_damage_mask.png,D:\Masters\FH\Thesis\painting-restoration-eval\data\processed\masks\p004_mixed_damage_mask.png,20260934,8.0,15.0,47183,9.8298,7.9995,0,71,768,696,True,0.0,71.0,768.0,696.0,768,625,ok,
p005_zero_control,p005,p005_zero_control,zero_control,p005_zero_control_mask.png,D:\Masters\FH\Thesis\painting-restoration-eval\data\processed\masks\p005_zero_control_mask.png,20261030,0.0,0.0,0,0.0,0.0,99,0,668,768,False,,,,,0,0,ok,
p005_scratch_thin,p005,p005_scratch_thin,scratch_thin,p005_scratch_thin_mask.png,D:\Masters\FH\Thesis\painting-restoration-eval\data\processed\masks\p005_scratch_thin_mask.png,20261031,1.0,3.0,5805,1.3284,0.9842,99,0,668,768,True,99.0,19.0,668.0,768.0,569,749,ok,
p005_loss_small,p005,p005_loss_small,loss_small,p005_loss_small_mask.png,D:\Masters\FH\Thesis\painting-restoration-eval\data\processed\masks\p005_loss_small_mask.png,20261032,3.0,6.0,21814,4.9919,3.6984,99,0,668,768,False,115.0,41.0,616.0,625.0,501,584,ok,
p005_loss_large,p005,p005_loss_large,loss_large,p005_loss_large_mask.png,D:\Masters\FH\Thesis\painting-restoration-eval\data\processed\masks\p005_loss_large_mask.png,20261033,10.0,18.0,43712,10.0029,7.411,99,0,668,768,False,331.0,386.0,593.0,693.0,262,307,ok,
p005_mixed_damage,p005,p005_mixed_damage,mixed_damage,p005_mixed_damage_mask.png,D:\Masters\FH\Thesis\painting-restoration-eval\data\processed\masks\p005_mixed_damage_mask.png,20261034,8.0,15.0,38316,8.7681,6.4962,99,0,668,768,True,99.0,0.0,668.0,768.0,569,768,ok,
p006_zero_control,p006,p006_zero_control,zero_control,p006_zero_control_mask.png,D:\Masters\FH\Thesis\painting-restoration-eval\data\processed\masks\p006_zero_control_mask.png,20261130,0.0,0.0,0,0.0,0.0,96,0,672,768,False,,,,,0,0,ok,
p006_scratch_thin,p006,p006_scratch_thin,scratch_thin,p006_scratch_thin_mask.png,D:\Masters\FH\Thesis\painting-restoration-eval\data\processed\masks\p006_scratch_thin_mask.png,20261131,1.0,3.0,13053,2.9507,2.213,96,0,672,768,True,96.0,97.0,672.0,768.0,576,671,ok,
p006_loss_small,p006,p006_loss_small,loss_small,p006_loss_small_mask.png,D:\Masters\FH\Thesis\painting-restoration-eval\data\processed\masks\p006_loss_small_mask.png,20261132,3.0,6.0,22150,5.0071,3.7554,96,0,672,768,False,119.0,20.0,618.0,658.0,499,638,ok,
p006_loss_large,p006,p006_loss_large,loss_large,p006_loss_large_mask.png,D:\Masters\FH\Thesis\painting-restoration-eval\data\processed\masks\p006_loss_large_mask.png,20261133,10.0,18.0,51891,11.7303,8.7977,96,0,672,768,False,171.0,211.0,474.0,466.0,303,255,ok,
p006_mixed_damage,p006,p006_mixed_damage,mixed_damage,p006_mixed_damage_mask.png,D:\Masters\FH\Thesis\painting-restoration-eval\data\processed\masks\p006_mixed_damage_mask.png,20261134,8.0,15.0,44236,9.9998,7.4999,96,0,672,768,True,96.0,0.0,672.0,768.0,576,768,ok,
p007_zero_control,p007,p007_zero_control,zero_control,p007_zero_control_mask.png,D:\Masters\FH\Thesis\painting-restoration-eval\data\processed\masks\p007_zero_control_mask.png,20261230,0.0,0.0,0,0.0,0.0,94,0,674,768,False,,,,,0,0,ok,
p007_scratch_thin,p007,p007_scratch_thin,scratch_thin,p007_scratch_thin_mask.png,D:\Masters\FH\Thesis\painting-restoration-eval\data\processed\masks\p007_scratch_thin_mask.png,20261231,1.0,3.0,10363,2.3265,1.757,94,0,674,768,True,96.0,0.0,674.0,768.0,578,768,ok,
p007_loss_small,p007,p007_loss_small,loss_small,p007_loss_small_mask.png,D:\Masters\FH\Thesis\painting-restoration-eval\data\processed\masks\p007_loss_small_mask.png,20261232,3.0,6.0,23575,5.2925,3.997,94,0,674,768,False,136.0,226.0,587.0,710.0,451,484,ok,
p007_loss_large,p007,p007_loss_large,loss_large,p007_loss_large_mask.png,D:\Masters\FH\Thesis\painting-restoration-eval\data\processed\masks\p007_loss_large_mask.png,20261233,10.0,18.0,47676,10.7031,8.0831,94,0,674,768,False,316.0,176.0,596.0,461.0,280,285,ok,
p007_mixed_damage,p007,p007_mixed_damage,mixed_damage,p007_mixed_damage_mask.png,D:\Masters\FH\Thesis\painting-restoration-eval\data\processed\masks\p007_mixed_damage_mask.png,20261234,8.0,15.0,42099,9.4511,7.1376,94,0,674,768,True,94.0,26.0,674.0,768.0,580,742,ok,
p008_zero_control,p008,p008_zero_control,zero_control,p008_zero_control_mask.png,D:\Masters\FH\Thesis\painting-restoration-eval\data\processed\masks\p008_zero_control_mask.png,20261330,0.0,0.0,0,0.0,0.0,101,0,667,768,False,,,,,0,0,ok,
p008_scratch_thin,p008,p008_scratch_thin,scratch_thin,p008_scratch_thin_mask.png,D:\Masters\FH\Thesis\painting-restoration-eval\data\processed\masks\p008_scratch_thin_mask.png,20261331,1.0,3.0,8622,1.9835,1.4618,101,0,667,768,True,101.0,0.0,548.0,768.0,447,768,ok,
p008_loss_small,p008,p008_loss_small,loss_small,p008_loss_small_mask.png,D:\Masters\FH\Thesis\painting-restoration-eval\data\processed\masks\p008_loss_small_mask.png,20261332,3.0,6.0,23310,5.3625,3.952,101,0,667,768,False,120.0,92.0,626.0,700.0,506,608,ok,
p008_loss_large,p008,p008_loss_large,loss_large,p008_loss_large_mask.png,D:\Masters\FH\Thesis\painting-restoration-eval\data\processed\masks\p008_loss_large_mask.png,20261333,10.0,18.0,48511,11.16,8.2247,101,0,667,768,False,186.0,374.0,485.0,616.0,299,242,ok,
p008_mixed_damage,p008,p008_mixed_damage,mixed_damage,p008_mixed_damage_mask.png,D:\Masters\FH\Thesis\painting-restoration-eval\data\processed\masks\p008_mixed_damage_mask.png,20261334,8.0,15.0,38912,8.9517,6.5972,101,0,667,768,True,101.0,0.0,667.0,665.0,566,665,ok,
p009_zero_control,p009,p009_zero_control,zero_control,p009_zero_control_mask.png,D:\Masters\FH\Thesis\painting-restoration-eval\data\processed\masks\p009_zero_control_mask.png,20261430,0.0,0.0,0,0.0,0.0,75,0,692,768,False,,,,,0,0,ok,
p009_scratch_thin,p009,p009_scratch_thin,scratch_thin,p009_scratch_thin_mask.png,D:\Masters\FH\Thesis\painting-restoration-eval\data\processed\masks\p009_scratch_thin_mask.png,20261431,1.0,3.0,9528,2.0107,1.6154,75,0,692,768,True,75.0,59.0,692.0,735.0,617,676,ok,
p009_loss_small,p009,p009_loss_small,loss_small,p009_loss_small_mask.png,D:\Masters\FH\Thesis\painting-restoration-eval\data\processed\masks\p009_loss_small_mask.png,20261432,3.0,6.0,20955,4.4222,3.5528,75,0,692,768,False,90.0,28.0,592.0,709.0,502,681,ok,
p009_loss_large,p009,p009_loss_large,loss_large,p009_loss_large_mask.png,D:\Masters\FH\Thesis\painting-restoration-eval\data\processed\masks\p009_loss_large_mask.png,20261433,10.0,18.0,58251,12.293,9.876,75,0,692,768,False,130.0,21.0,409.0,337.0,279,316,ok,
p009_mixed_damage,p009,p009_mixed_damage,mixed_damage,p009_mixed_damage_mask.png,D:\Masters\FH\Thesis\painting-restoration-eval\data\processed\masks\p009_mixed_damage_mask.png,20261434,8.0,15.0,47792,10.0858,8.1028,75,0,692,768,True,75.0,38.0,679.0,768.0,604,730,ok,
p010_zero_control,p010,p010_zero_control,zero_control,p010_zero_control_mask.png,D:\Masters\FH\Thesis\painting-restoration-eval\data\processed\masks\p010_zero_control_mask.png,20261530,0.0,0.0,0,0.0,0.0,0,36,768,731,False,,,,,0,0,ok,
p010_scratch_thin,p010,p010_scratch_thin,scratch_thin,p010_scratch_thin_mask.png,D:\Masters\FH\Thesis\painting-restoration-eval\data\processed\masks\p010_scratch_thin_mask.png,20261531,1.0,3.0,10545,1.9756,1.7878,0,36,768,731,True,0.0,132.0,768.0,731.0,768,599,ok,
p010_loss_small,p010,p010_loss_small,loss_small,p010_loss_small_mask.png,D:\Masters\FH\Thesis\painting-restoration-eval\data\processed\masks\p010_loss_small_mask.png,20261532,3.0,6.0,19716,3.6938,3.3427,0,36,768,731,False,34.0,108.0,722.0,675.0,688,567,ok,
p010_loss_large,p010,p010_loss_large,loss_large,p010_loss_large_mask.png,D:\Masters\FH\Thesis\painting-restoration-eval\data\processed\masks\p010_loss_large_mask.png,20261533,10.0,18.0,92273,17.2874,15.6442,0,36,768,731,False,183.0,158.0,511.0,667.0,328,509,ok,
p010_mixed_damage,p010,p010_mixed_damage,mixed_damage,p010_mixed_damage_mask.png,D:\Masters\FH\Thesis\painting-restoration-eval\data\processed\masks\p010_mixed_damage_mask.png,20261534,8.0,15.0,48195,9.0293,8.1711,0,36,768,731,True,0.0,36.0,768.0,731.0,768,695,ok,
p011_zero_control,p011,p011_zero_control,zero_control,p011_zero_control_mask.png,D:\Masters\FH\Thesis\painting-restoration-eval\data\processed\masks\p011_zero_control_mask.png,20261630,0.0,0.0,0,0.0,0.0,0,120,768,648,False,,,,,0,0,ok,
p011_scratch_thin,p011,p011_scratch_thin,scratch_thin,p011_scratch_thin_mask.png,D:\Masters\FH\Thesis\painting-restoration-eval\data\processed\masks\p011_scratch_thin_mask.png,20261631,1.0,3.0,10323,2.5457,1.7502,0,120,768,648,True,0.0,120.0,768.0,648.0,768,528,ok,
p011_loss_small,p011,p011_loss_small,loss_small,p011_loss_small_mask.png,D:\Masters\FH\Thesis\painting-restoration-eval\data\processed\masks\p011_loss_small_mask.png,20261632,3.0,6.0,24080,5.9383,4.0826,0,120,768,648,False,40.0,181.0,694.0,601.0,654,420,ok,
p011_loss_large,p011,p011_loss_large,loss_large,p011_loss_large_mask.png,D:\Masters\FH\Thesis\painting-restoration-eval\data\processed\masks\p011_loss_large_mask.png,20261633,10.0,18.0,49885,12.302,8.4576,0,120,768,648,False,12.0,160.0,307.0,429.0,295,269,ok,
p011_mixed_damage,p011,p011_mixed_damage,mixed_damage,p011_mixed_damage_mask.png,D:\Masters\FH\Thesis\painting-restoration-eval\data\processed\masks\p011_mixed_damage_mask.png,20261634,8.0,15.0,44361,10.9397,7.5211,0,120,768,648,True,0.0,120.0,768.0,648.0,768,528,ok,
p012_zero_control,p012,p012_zero_control,zero_control,p012_zero_control_mask.png,D:\Masters\FH\Thesis\painting-restoration-eval\data\processed\masks\p012_zero_control_mask.png,20261730,0.0,0.0,0,0.0,0.0,0,99,768,668,False,,,,,0,0,ok,
p012_scratch_thin,p012,p012_scratch_thin,scratch_thin,p012_scratch_thin_mask.png,D:\Masters\FH\Thesis\painting-restoration-eval\data\processed\masks\p012_scratch_thin_mask.png,20261731,1.0,3.0,12296,2.8138,2.0847,0,99,768,668,True,0.0,99.0,743.0,668.0,743,569,ok,
p012_loss_small,p012,p012_loss_small,loss_small,p012_loss_small_mask.png,D:\Masters\FH\Thesis\painting-restoration-eval\data\processed\masks\p012_loss_small_mask.png,20261732,3.0,6.0,20574,4.7081,3.4882,0,99,768,668,False,109.0,103.0,740.0,624.0,631,521,ok,
p012_loss_large,p012,p012_loss_large,loss_large,p012_loss_large_mask.png,D:\Masters\FH\Thesis\painting-restoration-eval\data\processed\masks\p012_loss_large_mask.png,20261733,10.0,18.0,45575,10.4293,7.7269,0,99,768,668,False,33.0,113.0,271.0,442.0,238,329,ok,
p012_mixed_damage,p012,p012_mixed_damage,mixed_damage,p012_mixed_damage_mask.png,D:\Masters\FH\Thesis\painting-restoration-eval\data\processed\masks\p012_mixed_damage_mask.png,20261734,8.0,15.0,42618,9.7526,7.2255,0,99,768,668,True,0.0,99.0,768.0,668.0,768,569,ok,
p013_zero_control,p013,p013_zero_control,zero_control,p013_zero_control_mask.png,D:\Masters\FH\Thesis\painting-restoration-eval\data\processed\masks\p013_zero_control_mask.png,20261830,0.0,0.0,0,0.0,0.0,0,117,768,651,False,,,,,0,0,ok,
p013_scratch_thin,p013,p013_scratch_thin,scratch_thin,p013_scratch_thin_mask.png,D:\Masters\FH\Thesis\painting-restoration-eval\data\processed\masks\p013_scratch_thin_mask.png,20261831,1.0,3.0,7041,1.7168,1.1937,0,117,768,651,True,0.0,117.0,658.0,651.0,658,534,ok,
p013_loss_small,p013,p013_loss_small,loss_small,p013_loss_small_mask.png,D:\Masters\FH\Thesis\painting-restoration-eval\data\processed\masks\p013_loss_small_mask.png,20261832,3.0,6.0,17893,4.363,3.0336,0,117,768,651,False,11.0,200.0,628.0,536.0,617,336,ok,
p013_loss_large,p013,p013_loss_large,loss_large,p013_loss_large_mask.png,D:\Masters\FH\Thesis\painting-restoration-eval\data\processed\masks\p013_loss_large_mask.png,20261833,10.0,18.0,44375,10.8202,7.5234,0,117,768,651,False,284.0,346.0,561.0,612.0,277,266,ok,
p013_mixed_damage,p013,p013_mixed_damage,mixed_damage,p013_mixed_damage_mask.png,D:\Masters\FH\Thesis\painting-restoration-eval\data\processed\masks\p013_mixed_damage_mask.png,20261834,8.0,15.0,42332,10.3221,7.1771,0,117,768,651,True,0.0,117.0,768.0,651.0,768,534,ok,
p014_zero_control,p014,p014_zero_control,zero_control,p014_zero_control_mask.png,D:\Masters\FH\Thesis\painting-restoration-eval\data\processed\masks\p014_zero_control_mask.png,20261930,0.0,0.0,0,0.0,0.0,0,166,768,601,False,,,,,0,0,ok,
p014_scratch_thin,p014,p014_scratch_thin,scratch_thin,p014_scratch_thin_mask.png,D:\Masters\FH\Thesis\painting-restoration-eval\data\processed\masks\p014_scratch_thin_mask.png,20261931,1.0,3.0,8107,2.4267,1.3745,0,166,768,601,True,251.0,166.0,768.0,601.0,517,435,ok,
p014_loss_small,p014,p014_loss_small,loss_small,p014_loss_small_mask.png,D:\Masters\FH\Thesis\painting-restoration-eval\data\processed\masks\p014_loss_small_mask.png,20261932,3.0,6.0,18677,5.5906,3.1665,0,166,768,601,False,180.0,210.0,640.0,574.0,460,364,ok,
p014_loss_large,p014,p014_loss_large,loss_large,p014_loss_large_mask.png,D:\Masters\FH\Thesis\painting-restoration-eval\data\processed\masks\p014_loss_large_mask.png,20261933,10.0,18.0,57683,17.2662,9.7797,0,166,768,601,False,120.0,286.0,434.0,574.0,314,288,ok,
p014_mixed_damage,p014,p014_mixed_damage,mixed_damage,p014_mixed_damage_mask.png,D:\Masters\FH\Thesis\painting-restoration-eval\data\processed\masks\p014_mixed_damage_mask.png,20261934,8.0,15.0,45810,13.7123,7.7667,0,166,768,601,True,0.0,166.0,694.0,601.0,694,435,ok,
p015_zero_control,p015,p015_zero_control,zero_control,p015_zero_control_mask.png,D:\Masters\FH\Thesis\painting-restoration-eval\data\processed\masks\p015_zero_control_mask.png,20262030,0.0,0.0,0,0.0,0.0,108,0,660,768,False,,,,,0,0,ok,
p015_scratch_thin,p015,p015_scratch_thin,scratch_thin,p015_scratch_thin_mask.png,D:\Masters\FH\Thesis\painting-restoration-eval\data\processed\masks\p015_scratch_thin_mask.png,20262031,1.0,3.0,8234,1.9423,1.396,108,0,660,768,True,108.0,0.0,648.0,768.0,540,768,ok,
p015_loss_small,p015,p015_loss_small,loss_small,p015_loss_small_mask.png,D:\Masters\FH\Thesis\painting-restoration-eval\data\processed\masks\p015_loss_small_mask.png,20262032,3.0,6.0,15734,3.7114,2.6676,108,0,660,768,False,195.0,27.0,612.0,750.0,417,723,ok,
p015_loss_large,p015,p015_loss_large,loss_large,p015_loss_large_mask.png,D:\Masters\FH\Thesis\painting-restoration-eval\data\processed\masks\p015_loss_large_mask.png,20262033,10.0,18.0,53971,12.7309,9.1504,108,0,660,768,False,239.0,463.0,501.0,746.0,262,283,ok,
p015_mixed_damage,p015,p015_mixed_damage,mixed_damage,p015_mixed_damage_mask.png,D:\Masters\FH\Thesis\painting-restoration-eval\data\processed\masks\p015_mixed_damage_mask.png,20262034,8.0,15.0,45768,10.796,7.7596,108,0,660,768,True,108.0,56.0,660.0,762.0,552,706,ok,
p016_zero_control,p016,p016_zero_control,zero_control,p016_zero_control_mask.png,D:\Masters\FH\Thesis\painting-restoration-eval\data\processed\masks\p016_zero_control_mask.png,20262130,0.0,0.0,0,0.0,0.0,0,141,768,626,False,,,,,0,0,ok,
p016_scratch_thin,p016,p016_scratch_thin,scratch_thin,p016_scratch_thin_mask.png,D:\Masters\FH\Thesis\painting-restoration-eval\data\processed\masks\p016_scratch_thin_mask.png,20262131,1.0,3.0,5937,1.5939,1.0066,0,141,768,626,True,0.0,141.0,763.0,542.0,763,401,ok,
p016_loss_small,p016,p016_loss_small,loss_small,p016_loss_small_mask.png,D:\Masters\FH\Thesis\painting-restoration-eval\data\processed\masks\p016_loss_small_mask.png,20262132,3.0,6.0,20307,5.4518,3.4429,0,141,768,626,False,86.0,222.0,731.0,544.0,645,322,ok,
p016_loss_large,p016,p016_loss_large,loss_large,p016_loss_large_mask.png,D:\Masters\FH\Thesis\painting-restoration-eval\data\processed\masks\p016_loss_large_mask.png,20262133,10.0,18.0,47151,12.6587,7.9941,0,141,768,626,False,290.0,274.0,555.0,558.0,265,284,ok,
p016_mixed_damage,p016,p016_mixed_damage,mixed_damage,p016_mixed_damage_mask.png,D:\Masters\FH\Thesis\painting-restoration-eval\data\processed\masks\p016_mixed_damage_mask.png,20262134,8.0,15.0,46836,12.5741,7.9407,0,141,768,626,True,0.0,141.0,768.0,626.0,768,485,ok,
p017_zero_control,p017,p017_zero_control,zero_control,p017_zero_control_mask.png,D:\Masters\FH\Thesis\painting-restoration-eval\data\processed\masks\p017_zero_control_mask.png,20262230,0.0,0.0,0,0.0,0.0,101,0,667,768,False,,,,,0,0,ok,
p017_scratch_thin,p017,p017_scratch_thin,scratch_thin,p017_scratch_thin_mask.png,D:\Masters\FH\Thesis\painting-restoration-eval\data\processed\masks\p017_scratch_thin_mask.png,20262231,1.0,3.0,5790,1.332,0.9816,101,0,667,768,True,101.0,0.0,667.0,768.0,566,768,ok,
p017_loss_small,p017,p017_loss_small,loss_small,p017_loss_small_mask.png,D:\Masters\FH\Thesis\painting-restoration-eval\data\processed\masks\p017_loss_small_mask.png,20262232,3.0,6.0,20288,4.6673,3.4397,101,0,667,768,False,247.0,232.0,646.0,725.0,399,493,ok,
p017_loss_large,p017,p017_loss_large,loss_large,p017_loss_large_mask.png,D:\Masters\FH\Thesis\painting-restoration-eval\data\processed\masks\p017_loss_large_mask.png,20262233,10.0,18.0,45832,10.5437,7.7705,101,0,667,768,False,170.0,456.0,484.0,715.0,314,259,ok,
p017_mixed_damage,p017,p017_mixed_damage,mixed_damage,p017_mixed_damage_mask.png,D:\Masters\FH\Thesis\painting-restoration-eval\data\processed\masks\p017_mixed_damage_mask.png,20262234,8.0,15.0,39263,9.0325,6.6567,101,0,667,768,True,141.0,0.0,618.0,768.0,477,768,ok,
p018_zero_control,p018,p018_zero_control,zero_control,p018_zero_control_mask.png,D:\Masters\FH\Thesis\painting-restoration-eval\data\processed\masks\p018_zero_control_mask.png,20262330,0.0,0.0,0,0.0,0.0,0,130,768,637,False,,,,,0,0,ok,
p018_scratch_thin,p018,p018_scratch_thin,scratch_thin,p018_scratch_thin_mask.png,D:\Masters\FH\Thesis\painting-restoration-eval\data\processed\masks\p018_scratch_thin_mask.png,20262331,1.0,3.0,11250,2.8892,1.9073,0,130,768,637,True,0.0,132.0,768.0,637.0,768,505,ok,
p018_loss_small,p018,p018_loss_small,loss_small,p018_loss_small_mask.png,D:\Masters\FH\Thesis\painting-restoration-eval\data\processed\masks\p018_loss_small_mask.png,20262332,3.0,6.0,21734,5.5818,3.6848,0,130,768,637,False,10.0,161.0,647.0,576.0,637,415,ok,
p018_loss_large,p018,p018_loss_large,loss_large,p018_loss_large_mask.png,D:\Masters\FH\Thesis\painting-restoration-eval\data\processed\masks\p018_loss_large_mask.png,20262333,10.0,18.0,55845,14.3422,9.4681,0,130,768,637,False,218.0,160.0,530.0,474.0,312,314,ok,
p018_mixed_damage,p018,p018_mixed_damage,mixed_damage,p018_mixed_damage_mask.png,D:\Masters\FH\Thesis\painting-restoration-eval\data\processed\masks\p018_mixed_damage_mask.png,20262334,8.0,15.0,44279,11.3718,7.5072,0,130,768,637,True,0.0,130.0,768.0,637.0,768,507,ok,
p019_zero_control,p019,p019_zero_control,zero_control,p019_zero_control_mask.png,D:\Masters\FH\Thesis\painting-restoration-eval\data\processed\masks\p019_zero_control_mask.png,20262430,0.0,0.0,0,0.0,0.0,47,0,720,768,False,,,,,0,0,ok,
p019_scratch_thin,p019,p019_scratch_thin,scratch_thin,p019_scratch_thin_mask.png,D:\Masters\FH\Thesis\painting-restoration-eval\data\processed\masks\p019_scratch_thin_mask.png,20262431,1.0,3.0,10116,1.9572,1.7151,47,0,720,768,True,75.0,16.0,720.0,758.0,645,742,ok,
p019_loss_small,p019,p019_loss_small,loss_small,p019_loss_small_mask.png,D:\Masters\FH\Thesis\painting-restoration-eval\data\processed\masks\p019_loss_small_mask.png,20262432,3.0,6.0,15653,3.0285,2.6538,47,0,720,768,False,108.0,69.0,611.0,755.0,503,686,ok,
p019_loss_large,p019,p019_loss_large,loss_large,p019_loss_large_mask.png,D:\Masters\FH\Thesis\painting-restoration-eval\data\processed\masks\p019_loss_large_mask.png,20262433,10.0,18.0,92634,17.9223,15.7054,47,0,720,768,False,156.0,134.0,568.0,656.0,412,522,ok,
p019_mixed_damage,p019,p019_mixed_damage,mixed_damage,p019_mixed_damage_mask.png,D:\Masters\FH\Thesis\painting-restoration-eval\data\processed\masks\p019_mixed_damage_mask.png,20262434,8.0,15.0,41705,8.0689,7.0708,47,0,720,768,True,47.0,0.0,696.0,768.0,649,768,ok,
p020_zero_control,p020,p020_zero_control,zero_control,p020_zero_control_mask.png,D:\Masters\FH\Thesis\painting-restoration-eval\data\processed\masks\p020_zero_control_mask.png,20262530,0.0,0.0,0,0.0,0.0,0,119,768,648,False,,,,,0,0,ok,
p020_scratch_thin,p020,p020_scratch_thin,scratch_thin,p020_scratch_thin_mask.png,D:\Masters\FH\Thesis\painting-restoration-eval\data\processed\masks\p020_scratch_thin_mask.png,20262531,1.0,3.0,11485,2.8269,1.9472,0,119,768,648,True,0.0,119.0,768.0,648.0,768,529,ok,
p020_loss_small,p020,p020_loss_small,loss_small,p020_loss_small_mask.png,D:\Masters\FH\Thesis\painting-restoration-eval\data\processed\masks\p020_loss_small_mask.png,20262532,3.0,6.0,13227,3.2557,2.2425,0,119,768,648,False,200.0,152.0,601.0,474.0,401,322,ok,
p020_loss_large,p020,p020_loss_large,loss_large,p020_loss_large_mask.png,D:\Masters\FH\Thesis\painting-restoration-eval\data\processed\masks\p020_loss_large_mask.png,20262533,10.0,18.0,51159,12.5923,8.6736,0,119,768,648,False,435.0,308.0,707.0,608.0,272,300,ok,
p020_mixed_damage,p020,p020_mixed_damage,mixed_damage,p020_mixed_damage_mask.png,D:\Masters\FH\Thesis\painting-restoration-eval\data\processed\masks\p020_mixed_damage_mask.png,20262534,8.0,15.0,54098,13.3157,9.1719,0,119,768,648,True,0.0,119.0,768.0,648.0,768,529,ok,
p021_zero_control,p021,p021_zero_control,zero_control,p021_zero_control_mask.png,D:\Masters\FH\Thesis\painting-restoration-eval\data\processed\masks\p021_zero_control_mask.png,20262630,0.0,0.0,0,0.0,0.0,59,0,708,768,False,,,,,0,0,ok,
p021_scratch_thin,p021,p021_scratch_thin,scratch_thin,p021_scratch_thin_mask.png,D:\Masters\FH\Thesis\painting-restoration-eval\data\processed\masks\p021_scratch_thin_mask.png,20262631,1.0,3.0,7395,1.4837,1.2538,59,0,708,768,True,59.0,0.0,708.0,768.0,649,768,ok,
p021_loss_small,p021,p021_loss_small,loss_small,p021_loss_small_mask.png,D:\Masters\FH\Thesis\painting-restoration-eval\data\processed\masks\p021_loss_small_mask.png,20262632,3.0,6.0,17382,3.4873,2.947,59,0,708,768,False,93.0,13.0,673.0,752.0,580,739,ok,
p021_loss_large,p021,p021_loss_large,loss_large,p021_loss_large_mask.png,D:\Masters\FH\Thesis\painting-restoration-eval\data\processed\masks\p021_loss_large_mask.png,20262633,10.0,18.0,49986,10.0286,8.4747,59,0,708,768,False,391.0,177.0,689.0,448.0,298,271,ok,
p021_mixed_damage,p021,p021_mixed_damage,mixed_damage,p021_mixed_damage_mask.png,D:\Masters\FH\Thesis\painting-restoration-eval\data\processed\masks\p021_mixed_damage_mask.png,20262634,8.0,15.0,50041,10.0397,8.4841,59,0,708,768,True,59.0,0.0,708.0,768.0,649,768,ok,
p022_zero_control,p022,p022_zero_control,zero_control,p022_zero_control_mask.png,D:\Masters\FH\Thesis\painting-restoration-eval\data\processed\masks\p022_zero_control_mask.png,20262730,0.0,0.0,0,0.0,0.0,85,0,683,768,False,,,,,0,0,ok,
p022_scratch_thin,p022,p022_scratch_thin,scratch_thin,p022_scratch_thin_mask.png,D:\Masters\FH\Thesis\painting-restoration-eval\data\processed\masks\p022_scratch_thin_mask.png,20262731,1.0,3.0,11554,2.5158,1.9589,85,0,683,768,True,85.0,0.0,683.0,642.0,598,642,ok,
p022_loss_small,p022,p022_loss_small,loss_small,p022_loss_small_mask.png,D:\Masters\FH\Thesis\painting-restoration-eval\data\processed\masks\p022_loss_small_mask.png,20262732,3.0,6.0,24273,5.2852,4.1153,85,0,683,768,False,151.0,137.0,656.0,658.0,505,521,ok,
p022_loss_large,p022,p022_loss_large,loss_large,p022_loss_large_mask.png,D:\Masters\FH\Thesis\painting-restoration-eval\data\processed\masks\p022_loss_large_mask.png,20262733,10.0,18.0,72675,15.8242,12.3215,85,0,683,768,False,300.0,40.0,593.0,406.0,293,366,ok,
p022_mixed_damage,p022,p022_mixed_damage,mixed_damage,p022_mixed_damage_mask.png,D:\Masters\FH\Thesis\painting-restoration-eval\data\processed\masks\p022_mixed_damage_mask.png,20262734,8.0,15.0,49658,10.8125,8.4191,85,0,683,768,True,102.0,0.0,683.0,746.0,581,746,ok,
p023_zero_control,p023,p023_zero_control,zero_control,p023_zero_control_mask.png,D:\Masters\FH\Thesis\painting-restoration-eval\data\processed\masks\p023_zero_control_mask.png,20262830,0.0,0.0,0,0.0,0.0,109,0,659,768,False,,,,,0,0,ok,
p023_scratch_thin,p023,p023_scratch_thin,scratch_thin,p023_scratch_thin_mask.png,D:\Masters\FH\Thesis\painting-restoration-eval\data\processed\masks\p023_scratch_thin_mask.png,20262831,1.0,3.0,7238,1.7135,1.2271,109,0,659,768,True,109.0,0.0,630.0,697.0,521,697,ok,
p023_loss_small,p023,p023_loss_small,loss_small,p023_loss_small_mask.png,D:\Masters\FH\Thesis\painting-restoration-eval\data\processed\masks\p023_loss_small_mask.png,20262832,3.0,6.0,20722,4.9058,3.5133,109,0,659,768,False,216.0,92.0,611.0,547.0,395,455,ok,
p023_loss_large,p023,p023_loss_large,loss_large,p023_loss_large_mask.png,D:\Masters\FH\Thesis\painting-restoration-eval\data\processed\masks\p023_loss_large_mask.png,20262833,10.0,18.0,45016,10.6572,7.6321,109,0,659,768,False,290.0,67.0,566.0,346.0,276,279,ok,
p023_mixed_damage,p023,p023_mixed_damage,mixed_damage,p023_mixed_damage_mask.png,D:\Masters\FH\Thesis\painting-restoration-eval\data\processed\masks\p023_mixed_damage_mask.png,20262834,8.0,15.0,42565,10.0769,7.2166,109,0,659,768,True,109.0,0.0,659.0,740.0,550,740,ok,
p024_zero_control,p024,p024_zero_control,zero_control,p024_zero_control_mask.png,D:\Masters\FH\Thesis\painting-restoration-eval\data\processed\masks\p024_zero_control_mask.png,20262930,0.0,0.0,0,0.0,0.0,85,0,683,768,False,,,,,0,0,ok,
p024_scratch_thin,p024,p024_scratch_thin,scratch_thin,p024_scratch_thin_mask.png,D:\Masters\FH\Thesis\painting-restoration-eval\data\processed\masks\p024_scratch_thin_mask.png,20262931,1.0,3.0,8821,1.9207,1.4955,85,0,683,768,True,85.0,0.0,635.0,768.0,550,768,ok,
p024_loss_small,p024,p024_loss_small,loss_small,p024_loss_small_mask.png,D:\Masters\FH\Thesis\painting-restoration-eval\data\processed\masks\p024_loss_small_mask.png,20262932,3.0,6.0,14413,3.1383,2.4436,85,0,683,768,False,104.0,292.0,524.0,720.0,420,428,ok,
p024_loss_large,p024,p024_loss_large,loss_large,p024_loss_large_mask.png,D:\Masters\FH\Thesis\painting-restoration-eval\data\processed\masks\p024_loss_large_mask.png,20262933,10.0,18.0,74607,16.2449,12.649,85,0,683,768,False,174.0,83.0,525.0,417.0,351,334,ok,
p024_mixed_damage,p024,p024_mixed_damage,mixed_damage,p024_mixed_damage_mask.png,D:\Masters\FH\Thesis\painting-restoration-eval\data\processed\masks\p024_mixed_damage_mask.png,20262934,8.0,15.0,50443,10.9834,8.5522,85,0,683,768,True,85.0,0.0,649.0,768.0,564,768,ok,
p025_zero_control,p025,p025_zero_control,zero_control,p025_zero_control_mask.png,D:\Masters\FH\Thesis\painting-restoration-eval\data\processed\masks\p025_zero_control_mask.png,20263030,0.0,0.0,0,0.0,0.0,0,64,768,704,False,,,,,0,0,ok,
p025_scratch_thin,p025,p025_scratch_thin,scratch_thin,p025_scratch_thin_mask.png,D:\Masters\FH\Thesis\painting-restoration-eval\data\processed\masks\p025_scratch_thin_mask.png,20263031,1.0,3.0,9440,1.9206,1.6005,0,64,768,704,True,0.0,64.0,768.0,628.0,768,564,ok,
p025_loss_small,p025,p025_loss_small,loss_small,p025_loss_small_mask.png,D:\Masters\FH\Thesis\painting-restoration-eval\data\processed\masks\p025_loss_small_mask.png,20263032,3.0,6.0,22347,4.5465,3.7888,0,64,768,704,False,187.0,106.0,698.0,678.0,511,572,ok,
p025_loss_large,p025,p025_loss_large,loss_large,p025_loss_large_mask.png,D:\Masters\FH\Thesis\painting-restoration-eval\data\processed\masks\p025_loss_large_mask.png,20263033,10.0,18.0,52108,10.6014,8.8345,0,64,768,704,False,214.0,166.0,482.0,448.0,268,282,ok,
p025_mixed_damage,p025,p025_mixed_damage,mixed_damage,p025_mixed_damage_mask.png,D:\Masters\FH\Thesis\painting-restoration-eval\data\processed\masks\p025_mixed_damage_mask.png,20263034,8.0,15.0,48712,9.9105,8.2587,0,64,768,704,True,0.0,86.0,768.0,704.0,768,618,ok,
p026_zero_control,p026,p026_zero_control,zero_control,p026_zero_control_mask.png,D:\Masters\FH\Thesis\painting-restoration-eval\data\processed\masks\p026_zero_control_mask.png,20263130,0.0,0.0,0,0.0,0.0,0,119,768,648,False,,,,,0,0,ok,
p026_scratch_thin,p026,p026_scratch_thin,scratch_thin,p026_scratch_thin_mask.png,D:\Masters\FH\Thesis\painting-restoration-eval\data\processed\masks\p026_scratch_thin_mask.png,20263131,1.0,3.0,6537,1.609,1.1083,0,119,768,648,True,111.0,119.0,768.0,516.0,657,397,ok,
p026_loss_small,p026,p026_loss_small,loss_small,p026_loss_small_mask.png,D:\Masters\FH\Thesis\painting-restoration-eval\data\processed\masks\p026_loss_small_mask.png,20263132,3.0,6.0,13631,3.3551,2.311,0,119,768,648,False,260.0,223.0,697.0,536.0,437,313,ok,
p026_loss_large,p026,p026_loss_large,loss_large,p026_loss_large_mask.png,D:\Masters\FH\Thesis\painting-restoration-eval\data\processed\masks\p026_loss_large_mask.png,20263133,10.0,18.0,44723,11.0081,7.5824,0,119,768,648,False,280.0,172.0,511.0,449.0,231,277,ok,
p026_mixed_damage,p026,p026_mixed_damage,mixed_damage,p026_mixed_damage_mask.png,D:\Masters\FH\Thesis\painting-restoration-eval\data\processed\masks\p026_mixed_damage_mask.png,20263134,8.0,15.0,41381,10.1855,7.0158,0,119,768,648,True,0.0,119.0,768.0,648.0,768,529,ok,
p027_zero_control,p027,p027_zero_control,zero_control,p027_zero_control_mask.png,D:\Masters\FH\Thesis\painting-restoration-eval\data\processed\masks\p027_zero_control_mask.png,20263230,0.0,0.0,0,0.0,0.0,0,83,768,684,False,,,,,0,0,ok,
p027_scratch_thin,p027,p027_scratch_thin,scratch_thin,p027_scratch_thin_mask.png,D:\Masters\FH\Thesis\painting-restoration-eval\data\processed\masks\p027_scratch_thin_mask.png,20263231,1.0,3.0,9175,1.9878,1.5555,0,83,768,684,True,0.0,83.0,768.0,684.0,768,601,ok,
p027_loss_small,p027,p027_loss_small,loss_small,p027_loss_small_mask.png,D:\Masters\FH\Thesis\painting-restoration-eval\data\processed\masks\p027_loss_small_mask.png,20263232,3.0,6.0,15848,3.4335,2.6869,0,83,768,684,False,208.0,223.0,557.0,654.0,349,431,ok,
p027_loss_large,p027,p027_loss_large,loss_large,p027_loss_large_mask.png,D:\Masters\FH\Thesis\painting-restoration-eval\data\processed\masks\p027_loss_large_mask.png,20263233,10.0,18.0,73593,15.9441,12.4771,0,83,768,684,False,178.0,209.0,467.0,612.0,289,403,ok,
p027_mixed_damage,p027,p027_mixed_damage,mixed_damage,p027_mixed_damage_mask.png,D:\Masters\FH\Thesis\painting-restoration-eval\data\processed\masks\p027_mixed_damage_mask.png,20263234,8.0,15.0,44664,9.6766,7.5724,0,83,768,684,True,0.0,83.0,704.0,684.0,704,601,ok,
p028_zero_control,p028,p028_zero_control,zero_control,p028_zero_control_mask.png,D:\Masters\FH\Thesis\painting-restoration-eval\data\processed\masks\p028_zero_control_mask.png,20263330,0.0,0.0,0,0.0,0.0,0,118,768,649,False,,,,,0,0,ok,
p028_scratch_thin,p028,p028_scratch_thin,scratch_thin,p028_scratch_thin_mask.png,D:\Masters\FH\Thesis\painting-restoration-eval\data\processed\masks\p028_scratch_thin_mask.png,20263331,1.0,3.0,9493,2.3278,1.6095,0,118,768,649,True,0.0,118.0,768.0,649.0,768,531,ok,
p028_loss_small,p028,p028_loss_small,loss_small,p028_loss_small_mask.png,D:\Masters\FH\Thesis\painting-restoration-eval\data\processed\masks\p028_loss_small_mask.png,20263332,3.0,6.0,19573,4.7996,3.3184,0,118,768,649,False,90.0,134.0,703.0,611.0,613,477,ok,
p028_loss_large,p028,p028_loss_large,loss_large,p028_loss_large_mask.png,D:\Masters\FH\Thesis\painting-restoration-eval\data\processed\masks\p028_loss_large_mask.png,20263333,10.0,18.0,60196,14.7609,10.2058,0,118,768,649,False,245.0,277.0,574.0,576.0,329,299,ok,
p028_mixed_damage,p028,p028_mixed_damage,mixed_damage,p028_mixed_damage_mask.png,D:\Masters\FH\Thesis\painting-restoration-eval\data\processed\masks\p028_mixed_damage_mask.png,20263334,8.0,15.0,41078,10.0729,6.9645,0,118,768,649,True,0.0,118.0,768.0,649.0,768,531,ok,
p029_zero_control,p029,p029_zero_control,zero_control,p029_zero_control_mask.png,D:\Masters\FH\Thesis\painting-restoration-eval\data\processed\masks\p029_zero_control_mask.png,20263430,0.0,0.0,0,0.0,0.0,0,134,768,633,False,,,,,0,0,ok,
p029_scratch_thin,p029,p029_scratch_thin,scratch_thin,p029_scratch_thin_mask.png,D:\Masters\FH\Thesis\painting-restoration-eval\data\processed\masks\p029_scratch_thin_mask.png,20263431,1.0,3.0,9847,2.5695,1.6695,0,134,768,633,True,0.0,134.0,768.0,536.0,768,402,ok,
p029_loss_small,p029,p029_loss_small,loss_small,p029_loss_small_mask.png,D:\Masters\FH\Thesis\painting-restoration-eval\data\processed\masks\p029_loss_small_mask.png,20263432,3.0,6.0,15394,4.0169,2.6099,0,134,768,633,False,125.0,283.0,582.0,574.0,457,291,ok,
p029_loss_large,p029,p029_loss_large,loss_large,p029_loss_large_mask.png,D:\Masters\FH\Thesis\painting-restoration-eval\data\processed\masks\p029_loss_large_mask.png,20263433,10.0,18.0,39135,10.2118,6.635,0,134,768,633,False,363.0,272.0,620.0,544.0,257,272,ok,
p029_mixed_damage,p029,p029_mixed_damage,mixed_damage,p029_mixed_damage_mask.png,D:\Masters\FH\Thesis\painting-restoration-eval\data\processed\masks\p029_mixed_damage_mask.png,20263434,8.0,15.0,41221,10.7561,6.9887,0,134,768,633,True,0.0,134.0,665.0,608.0,665,474,ok,
p030_zero_control,p030,p030_zero_control,zero_control,p030_zero_control_mask.png,D:\Masters\FH\Thesis\painting-restoration-eval\data\processed\masks\p030_zero_control_mask.png,20263530,0.0,0.0,0,0.0,0.0,0,131,768,636,False,,,,,0,0,ok,
p030_scratch_thin,p030,p030_scratch_thin,scratch_thin,p030_scratch_thin_mask.png,D:\Masters\FH\Thesis\painting-restoration-eval\data\processed\masks\p030_scratch_thin_mask.png,20263531,1.0,3.0,11225,2.8942,1.9031,0,131,768,636,True,23.0,131.0,758.0,636.0,735,505,ok,
p030_loss_small,p030,p030_loss_small,loss_small,p030_loss_small_mask.png,D:\Masters\FH\Thesis\painting-restoration-eval\data\processed\masks\p030_loss_small_mask.png,20263532,3.0,6.0,14901,3.842,2.5263,0,131,768,636,False,147.0,239.0,631.0,527.0,484,288,ok,
p030_loss_large,p030,p030_loss_large,loss_large,p030_loss_large_mask.png,D:\Masters\FH\Thesis\painting-restoration-eval\data\processed\masks\p030_loss_large_mask.png,20263533,10.0,18.0,49329,12.7189,8.3633,0,131,768,636,False,253.0,216.0,539.0,508.0,286,292,ok,
p030_mixed_damage,p030,p030_mixed_damage,mixed_damage,p030_mixed_damage_mask.png,D:\Masters\FH\Thesis\painting-restoration-eval\data\processed\masks\p030_mixed_damage_mask.png,20263534,8.0,15.0,46497,11.9887,7.8832,0,131,768,636,True,0.0,131.0,768.0,636.0,768,505,ok,
p031_zero_control,p031,p031_zero_control,zero_control,p031_zero_control_mask.png,D:\Masters\FH\Thesis\painting-restoration-eval\data\processed\masks\p031_zero_control_mask.png,20263630,0.0,0.0,0,0.0,0.0,1,0,766,768,False,,,,,0,0,ok,
p031_scratch_thin,p031,p031_scratch_thin,scratch_thin,p031_scratch_thin_mask.png,D:\Masters\FH\Thesis\painting-restoration-eval\data\processed\masks\p031_scratch_thin_mask.png,20263631,1.0,3.0,15636,2.6614,2.651,1,0,766,768,True,1.0,0.0,766.0,753.0,765,753,ok,
p031_loss_small,p031,p031_loss_small,loss_small,p031_loss_small_mask.png,D:\Masters\FH\Thesis\painting-restoration-eval\data\processed\masks\p031_loss_small_mask.png,20263632,3.0,6.0,22150,3.7701,3.7554,1,0,766,768,False,67.0,192.0,738.0,692.0,671,500,ok,
p031_loss_large,p031,p031_loss_large,loss_large,p031_loss_large_mask.png,D:\Masters\FH\Thesis\painting-restoration-eval\data\processed\masks\p031_loss_large_mask.png,20263633,10.0,18.0,83367,14.1896,14.1342,1,0,766,768,False,424.0,255.0,724.0,683.0,300,428,ok,
p031_mixed_damage,p031,p031_mixed_damage,mixed_damage,p031_mixed_damage_mask.png,D:\Masters\FH\Thesis\painting-restoration-eval\data\processed\masks\p031_mixed_damage_mask.png,20263634,8.0,15.0,48010,8.1716,8.1397,1,0,766,768,True,14.0,0.0,766.0,768.0,752,768,ok,
p032_zero_control,p032,p032_zero_control,zero_control,p032_zero_control_mask.png,D:\Masters\FH\Thesis\painting-restoration-eval\data\processed\masks\p032_zero_control_mask.png,20263730,0.0,0.0,0,0.0,0.0,11,0,756,768,False,,,,,0,0,ok,
p032_scratch_thin,p032,p032_scratch_thin,scratch_thin,p032_scratch_thin_mask.png,D:\Masters\FH\Thesis\painting-restoration-eval\data\processed\masks\p032_scratch_thin_mask.png,20263731,1.0,3.0,14929,2.6092,2.5311,11,0,756,768,True,11.0,0.0,756.0,768.0,745,768,ok,
p032_loss_small,p032,p032_loss_small,loss_small,p032_loss_small_mask.png,D:\Masters\FH\Thesis\painting-restoration-eval\data\processed\masks\p032_loss_small_mask.png,20263732,3.0,6.0,24362,4.2579,4.1304,11,0,756,768,False,64.0,33.0,647.0,742.0,583,709,ok,
p032_loss_large,p032,p032_loss_large,loss_large,p032_loss_large_mask.png,D:\Masters\FH\Thesis\painting-restoration-eval\data\processed\masks\p032_loss_large_mask.png,20263733,10.0,18.0,88089,15.3959,14.9348,11,0,756,768,False,173.0,79.0,572.0,683.0,399,604,ok,
p032_mixed_damage,p032,p032_mixed_damage,mixed_damage,p032_mixed_damage_mask.png,D:\Masters\FH\Thesis\painting-restoration-eval\data\processed\masks\p032_mixed_damage_mask.png,20263734,8.0,15.0,51647,9.0267,8.7563,11,0,756,768,True,11.0,0.0,756.0,768.0,745,768,ok,
p033_zero_control,p033,p033_zero_control,zero_control,p033_zero_control_mask.png,D:\Masters\FH\Thesis\painting-restoration-eval\data\processed\masks\p033_zero_control_mask.png,20263830,0.0,0.0,0,0.0,0.0,2,0,765,768,False,,,,,0,0,ok,
p033_scratch_thin,p033,p033_scratch_thin,scratch_thin,p033_scratch_thin_mask.png,D:\Masters\FH\Thesis\painting-restoration-eval\data\processed\masks\p033_scratch_thin_mask.png,20263831,1.0,3.0,13276,2.2656,2.2508,2,0,765,768,True,2.0,0.0,765.0,768.0,763,768,ok,
p033_loss_small,p033,p033_loss_small,loss_small,p033_loss_small_mask.png,D:\Masters\FH\Thesis\painting-restoration-eval\data\processed\masks\p033_loss_small_mask.png,20263832,3.0,6.0,20720,3.5359,3.5129,2,0,765,768,False,11.0,72.0,510.0,608.0,499,536,ok,
p033_loss_large,p033,p033_loss_large,loss_large,p033_loss_large_mask.png,D:\Masters\FH\Thesis\painting-restoration-eval\data\processed\masks\p033_loss_large_mask.png,20263833,10.0,18.0,87686,14.9639,14.8665,2,0,765,768,False,127.0,34.0,573.0,385.0,446,351,ok,
p033_mixed_damage,p033,p033_mixed_damage,mixed_damage,p033_mixed_damage_mask.png,D:\Masters\FH\Thesis\painting-restoration-eval\data\processed\masks\p033_mixed_damage_mask.png,20263834,8.0,15.0,49843,8.5059,8.4505,2,0,765,768,True,17.0,4.0,765.0,768.0,748,764,ok,
p034_zero_control,p034,p034_zero_control,zero_control,p034_zero_control_mask.png,D:\Masters\FH\Thesis\painting-restoration-eval\data\processed\masks\p034_zero_control_mask.png,20263930,0.0,0.0,0,0.0,0.0,0,26,768,741,False,,,,,0,0,ok,
p034_scratch_thin,p034,p034_scratch_thin,scratch_thin,p034_scratch_thin_mask.png,D:\Masters\FH\Thesis\painting-restoration-eval\data\processed\masks\p034_scratch_thin_mask.png,20263931,1.0,3.0,14836,2.7018,2.5153,0,26,768,741,True,0.0,68.0,768.0,670.0,768,602,ok,
p034_loss_small,p034,p034_loss_small,loss_small,p034_loss_small_mask.png,D:\Masters\FH\Thesis\painting-restoration-eval\data\processed\masks\p034_loss_small_mask.png,20263932,3.0,6.0,18146,3.3046,3.0765,0,26,768,741,False,238.0,94.0,647.0,733.0,409,639,ok,
p034_loss_large,p034,p034_loss_large,loss_large,p034_loss_large_mask.png,D:\Masters\FH\Thesis\painting-restoration-eval\data\processed\masks\p034_loss_large_mask.png,20263933,10.0,18.0,82337,14.9944,13.9596,0,26,768,741,False,178.0,149.0,559.0,594.0,381,445,ok,
p034_mixed_damage,p034,p034_mixed_damage,mixed_damage,p034_mixed_damage_mask.png,D:\Masters\FH\Thesis\painting-restoration-eval\data\processed\masks\p034_mixed_damage_mask.png,20263934,8.0,15.0,44266,8.0613,7.505,0,26,768,741,True,0.0,26.0,768.0,644.0,768,618,ok,
p035_zero_control,p035,p035_zero_control,zero_control,p035_zero_control_mask.png,D:\Masters\FH\Thesis\painting-restoration-eval\data\processed\masks\p035_zero_control_mask.png,20264030,0.0,0.0,0,0.0,0.0,119,0,649,768,False,,,,,0,0,ok,
p035_scratch_thin,p035,p035_scratch_thin,scratch_thin,p035_scratch_thin_mask.png,D:\Masters\FH\Thesis\painting-restoration-eval\data\processed\masks\p035_scratch_thin_mask.png,20264031,1.0,3.0,6576,1.6156,1.1149,119,0,649,768,True,119.0,0.0,649.0,768.0,530,768,ok,
p035_loss_small,p035,p035_loss_small,loss_small,p035_loss_small_mask.png,D:\Masters\FH\Thesis\painting-restoration-eval\data\processed\masks\p035_loss_small_mask.png,20264032,3.0,6.0,13591,3.339,2.3042,119,0,649,768,False,259.0,101.0,622.0,740.0,363,639,ok,
p035_loss_large,p035,p035_loss_large,loss_large,p035_loss_large_mask.png,D:\Masters\FH\Thesis\painting-restoration-eval\data\processed\masks\p035_loss_large_mask.png,20264033,10.0,18.0,44445,10.9191,7.5353,119,0,649,768,False,285.0,117.0,574.0,383.0,289,266,ok,
p035_mixed_damage,p035,p035_mixed_damage,mixed_damage,p035_mixed_damage_mask.png,D:\Masters\FH\Thesis\painting-restoration-eval\data\processed\masks\p035_mixed_damage_mask.png,20264034,8.0,15.0,50210,12.3354,8.5127,119,0,649,768,True,119.0,0.0,649.0,768.0,530,768,ok,
p036_zero_control,p036,p036_zero_control,zero_control,p036_zero_control_mask.png,D:\Masters\FH\Thesis\painting-restoration-eval\data\processed\masks\p036_zero_control_mask.png,20264130,0.0,0.0,0,0.0,0.0,0,0,768,768,False,,,,,0,0,ok,
p036_scratch_thin,p036,p036_scratch_thin,scratch_thin,p036_scratch_thin_mask.png,D:\Masters\FH\Thesis\painting-restoration-eval\data\processed\masks\p036_scratch_thin_mask.png,20264131,1.0,3.0,13905,2.3575,2.3575,0,0,768,768,True,0.0,0.0,768.0,768.0,768,768,ok,
p036_loss_small,p036,p036_loss_small,loss_small,p036_loss_small_mask.png,D:\Masters\FH\Thesis\painting-restoration-eval\data\processed\masks\p036_loss_small_mask.png,20264132,3.0,6.0,18062,3.0623,3.0623,0,0,768,768,False,48.0,26.0,313.0,690.0,265,664,ok,
p036_loss_large,p036,p036_loss_large,loss_large,p036_loss_large_mask.png,D:\Masters\FH\Thesis\painting-restoration-eval\data\processed\masks\p036_loss_large_mask.png,20264133,10.0,18.0,92174,15.6274,15.6274,0,0,768,768,False,87.0,134.0,640.0,718.0,553,584,ok,
p036_mixed_damage,p036,p036_mixed_damage,mixed_damage,p036_mixed_damage_mask.png,D:\Masters\FH\Thesis\painting-restoration-eval\data\processed\masks\p036_mixed_damage_mask.png,20264134,8.0,15.0,47780,8.1007,8.1007,0,0,768,768,True,0.0,0.0,768.0,768.0,768,768,ok,
p037_zero_control,p037,p037_zero_control,zero_control,p037_zero_control_mask.png,D:\Masters\FH\Thesis\painting-restoration-eval\data\processed\masks\p037_zero_control_mask.png,20264230,0.0,0.0,0,0.0,0.0,0,94,768,673,False,,,,,0,0,ok,
p037_scratch_thin,p037,p037_scratch_thin,scratch_thin,p037_scratch_thin_mask.png,D:\Masters\FH\Thesis\painting-restoration-eval\data\processed\masks\p037_scratch_thin_mask.png,20264231,1.0,3.0,12338,2.7746,2.0918,0,94,768,673,True,0.0,94.0,768.0,673.0,768,579,ok,
p037_loss_small,p037,p037_loss_small,loss_small,p037_loss_small_mask.png,D:\Masters\FH\Thesis\painting-restoration-eval\data\processed\masks\p037_loss_small_mask.png,20264232,3.0,6.0,22216,4.996,3.7665,0,94,768,673,False,147.0,164.0,750.0,589.0,603,425,ok,
p037_loss_large,p037,p037_loss_large,loss_large,p037_loss_large_mask.png,D:\Masters\FH\Thesis\painting-restoration-eval\data\processed\masks\p037_loss_large_mask.png,20264233,10.0,18.0,47216,10.6182,8.0051,0,94,768,673,False,153.0,170.0,422.0,464.0,269,294,ok,
p037_mixed_damage,p037,p037_mixed_damage,mixed_damage,p037_mixed_damage_mask.png,D:\Masters\FH\Thesis\painting-restoration-eval\data\processed\masks\p037_mixed_damage_mask.png,20264234,8.0,15.0,48626,10.9353,8.2442,0,94,768,673,True,0.0,94.0,768.0,673.0,768,579,ok,
p038_zero_control,p038,p038_zero_control,zero_control,p038_zero_control_mask.png,D:\Masters\FH\Thesis\painting-restoration-eval\data\processed\masks\p038_zero_control_mask.png,20264330,0.0,0.0,0,0.0,0.0,0,97,768,670,False,,,,,0,0,ok,
p038_scratch_thin,p038,p038_scratch_thin,scratch_thin,p038_scratch_thin_mask.png,D:\Masters\FH\Thesis\painting-restoration-eval\data\processed\masks\p038_scratch_thin_mask.png,20264331,1.0,3.0,7989,1.8154,1.3545,0,97,768,670,True,0.0,97.0,768.0,594.0,768,497,ok,
p038_loss_small,p038,p038_loss_small,loss_small,p038_loss_small_mask.png,D:\Masters\FH\Thesis\painting-restoration-eval\data\processed\masks\p038_loss_small_mask.png,20264332,3.0,6.0,19642,4.4634,3.3301,0,97,768,670,False,125.0,137.0,723.0,563.0,598,426,ok,
p038_loss_large,p038,p038_loss_large,loss_large,p038_loss_large_mask.png,D:\Masters\FH\Thesis\painting-restoration-eval\data\processed\masks\p038_loss_large_mask.png,20264333,10.0,18.0,44431,10.0965,7.5329,0,97,768,670,False,350.0,153.0,595.0,453.0,245,300,ok,
p038_mixed_damage,p038,p038_mixed_damage,mixed_damage,p038_mixed_damage_mask.png,D:\Masters\FH\Thesis\painting-restoration-eval\data\processed\masks\p038_mixed_damage_mask.png,20264334,8.0,15.0,45786,10.4044,7.7627,0,97,768,670,True,27.0,97.0,768.0,670.0,741,573,ok,
p039_zero_control,p039,p039_zero_control,zero_control,p039_zero_control_mask.png,D:\Masters\FH\Thesis\painting-restoration-eval\data\processed\masks\p039_zero_control_mask.png,20264430,0.0,0.0,0,0.0,0.0,0,102,768,666,False,,,,,0,0,ok,
p039_scratch_thin,p039,p039_scratch_thin,scratch_thin,p039_scratch_thin_mask.png,D:\Masters\FH\Thesis\painting-restoration-eval\data\processed\masks\p039_scratch_thin_mask.png,20264431,1.0,3.0,9456,2.1831,1.6032,0,102,768,666,True,0.0,102.0,768.0,666.0,768,564,ok,
p039_loss_small,p039,p039_loss_small,loss_small,p039_loss_small_mask.png,D:\Masters\FH\Thesis\painting-restoration-eval\data\processed\masks\p039_loss_small_mask.png,20264432,3.0,6.0,18244,4.2119,3.0931,0,102,768,666,False,32.0,119.0,617.0,607.0,585,488,ok,
p039_loss_large,p039,p039_loss_large,loss_large,p039_loss_large_mask.png,D:\Masters\FH\Thesis\painting-restoration-eval\data\processed\masks\p039_loss_large_mask.png,20264433,10.0,18.0,45190,10.4328,7.6616,0,102,768,666,False,296.0,169.0,541.0,453.0,245,284,ok,
p039_mixed_damage,p039,p039_mixed_damage,mixed_damage,p039_mixed_damage_mask.png,D:\Masters\FH\Thesis\painting-restoration-eval\data\processed\masks\p039_mixed_damage_mask.png,20264434,8.0,15.0,40658,9.3865,6.8932,0,102,768,666,True,38.0,102.0,573.0,666.0,535,564,ok,
p040_zero_control,p040,p040_zero_control,zero_control,p040_zero_control_mask.png,D:\Masters\FH\Thesis\painting-restoration-eval\data\processed\masks\p040_zero_control_mask.png,20264530,0.0,0.0,0,0.0,0.0,0,88,768,680,False,,,,,0,0,ok,
p040_scratch_thin,p040,p040_scratch_thin,scratch_thin,p040_scratch_thin_mask.png,D:\Masters\FH\Thesis\painting-restoration-eval\data\processed\masks\p040_scratch_thin_mask.png,20264531,1.0,3.0,12885,2.834,2.1845,0,88,768,680,True,0.0,88.0,768.0,680.0,768,592,ok,
p040_loss_small,p040,p040_loss_small,loss_small,p040_loss_small_mask.png,D:\Masters\FH\Thesis\painting-restoration-eval\data\processed\masks\p040_loss_small_mask.png,20264532,3.0,6.0,23305,5.1259,3.9512,0,88,768,680,False,10.0,166.0,739.0,646.0,729,480,ok,
p040_loss_large,p040,p040_loss_large,loss_large,p040_loss_large_mask.png,D:\Masters\FH\Thesis\painting-restoration-eval\data\processed\masks\p040_loss_large_mask.png,20264533,10.0,18.0,47500,10.4475,8.0532,0,88,768,680,False,18.0,276.0,311.0,567.0,293,291,ok,
p040_mixed_damage,p040,p040_mixed_damage,mixed_damage,p040_mixed_damage_mask.png,D:\Masters\FH\Thesis\painting-restoration-eval\data\processed\masks\p040_mixed_damage_mask.png,20264534,8.0,15.0,47749,10.5022,8.0955,0,88,768,680,True,0.0,88.0,709.0,615.0,709,527,ok,
p041_zero_control,p041,p041_zero_control,zero_control,p041_zero_control_mask.png,D:\Masters\FH\Thesis\painting-restoration-eval\data\processed\masks\p041_zero_control_mask.png,20264630,0.0,0.0,0,0.0,0.0,0,78,768,689,False,,,,,0,0,ok,
p041_scratch_thin,p041,p041_scratch_thin,scratch_thin,p041_scratch_thin_mask.png,D:\Masters\FH\Thesis\painting-restoration-eval\data\processed\masks\p041_scratch_thin_mask.png,20264631,1.0,3.0,11793,2.5132,1.9994,0,78,768,689,True,0.0,78.0,768.0,689.0,768,611,ok,
p041_loss_small,p041,p041_loss_small,loss_small,p041_loss_small_mask.png,D:\Masters\FH\Thesis\painting-restoration-eval\data\processed\masks\p041_loss_small_mask.png,20264632,3.0,6.0,19064,4.0627,3.2322,0,78,768,689,False,66.0,136.0,495.0,500.0,429,364,ok,
p041_loss_large,p041,p041_loss_large,loss_large,p041_loss_large_mask.png,D:\Masters\FH\Thesis\painting-restoration-eval\data\processed\masks\p041_loss_large_mask.png,20264633,10.0,18.0,67806,14.4499,11.496,0,78,768,689,False,15.0,242.0,331.0,599.0,316,357,ok,
p041_mixed_damage,p041,p041_mixed_damage,mixed_damage,p041_mixed_damage_mask.png,D:\Masters\FH\Thesis\painting-restoration-eval\data\processed\masks\p041_mixed_damage_mask.png,20264634,8.0,15.0,41902,8.9296,7.1042,0,78,768,689,True,85.0,106.0,768.0,689.0,683,583,ok,
p042_zero_control,p042,p042_zero_control,zero_control,p042_zero_control_mask.png,D:\Masters\FH\Thesis\painting-restoration-eval\data\processed\masks\p042_zero_control_mask.png,20264730,0.0,0.0,0,0.0,0.0,0,137,768,631,False,,,,,0,0,ok,
p042_scratch_thin,p042,p042_scratch_thin,scratch_thin,p042_scratch_thin_mask.png,D:\Masters\FH\Thesis\painting-restoration-eval\data\processed\masks\p042_scratch_thin_mask.png,20264731,1.0,3.0,7950,2.0955,1.3479,0,137,768,631,True,0.0,142.0,768.0,631.0,768,489,ok,
p042_loss_small,p042,p042_loss_small,loss_small,p042_loss_small_mask.png,D:\Masters\FH\Thesis\painting-restoration-eval\data\processed\masks\p042_loss_small_mask.png,20264732,3.0,6.0,22038,5.8088,3.7364,0,137,768,631,False,50.0,177.0,665.0,616.0,615,439,ok,
p042_loss_large,p042,p042_loss_large,loss_large,p042_loss_large_mask.png,D:\Masters\FH\Thesis\painting-restoration-eval\data\processed\masks\p042_loss_large_mask.png,20264733,10.0,18.0,44565,11.7464,7.5556,0,137,768,631,False,410.0,170.0,668.0,420.0,258,250,ok,
p042_mixed_damage,p042,p042_mixed_damage,mixed_damage,p042_mixed_damage_mask.png,D:\Masters\FH\Thesis\painting-restoration-eval\data\processed\masks\p042_mixed_damage_mask.png,20264734,8.0,15.0,39707,10.466,6.732,0,137,768,631,True,172.0,137.0,768.0,631.0,596,494,ok,
p043_zero_control,p043,p043_zero_control,zero_control,p043_zero_control_mask.png,D:\Masters\FH\Thesis\painting-restoration-eval\data\processed\masks\p043_zero_control_mask.png,20264830,0.0,0.0,0,0.0,0.0,0,78,768,689,False,,,,,0,0,ok,
p043_scratch_thin,p043,p043_scratch_thin,scratch_thin,p043_scratch_thin_mask.png,D:\Masters\FH\Thesis\painting-restoration-eval\data\processed\masks\p043_scratch_thin_mask.png,20264831,1.0,3.0,9357,1.994,1.5864,0,78,768,689,True,0.0,78.0,760.0,689.0,760,611,ok,
p043_loss_small,p043,p043_loss_small,loss_small,p043_loss_small_mask.png,D:\Masters\FH\Thesis\painting-restoration-eval\data\processed\masks\p043_loss_small_mask.png,20264832,3.0,6.0,26756,5.7019,4.5363,0,78,768,689,False,60.0,126.0,647.0,639.0,587,513,ok,
p043_loss_large,p043,p043_loss_large,loss_large,p043_loss_large_mask.png,D:\Masters\FH\Thesis\painting-restoration-eval\data\processed\masks\p043_loss_large_mask.png,20264833,10.0,18.0,55790,11.8892,9.4588,0,78,768,689,False,195.0,324.0,494.0,609.0,299,285,ok,
p043_mixed_damage,p043,p043_mixed_damage,mixed_damage,p043_mixed_damage_mask.png,D:\Masters\FH\Thesis\painting-restoration-eval\data\processed\masks\p043_mixed_damage_mask.png,20264834,8.0,15.0,46214,9.8485,7.8352,0,78,768,689,True,0.0,78.0,768.0,689.0,768,611,ok,
p044_zero_control,p044,p044_zero_control,zero_control,p044_zero_control_mask.png,D:\Masters\FH\Thesis\painting-restoration-eval\data\processed\masks\p044_zero_control_mask.png,20264930,0.0,0.0,0,0.0,0.0,0,63,768,704,False,,,,,0,0,ok,
p044_scratch_thin,p044,p044_scratch_thin,scratch_thin,p044_scratch_thin_mask.png,D:\Masters\FH\Thesis\painting-restoration-eval\data\processed\masks\p044_scratch_thin_mask.png,20264931,1.0,3.0,10331,2.0986,1.7515,0,63,768,704,True,4.0,63.0,768.0,704.0,764,641,ok,
p044_loss_small,p044,p044_loss_small,loss_small,p044_loss_small_mask.png,D:\Masters\FH\Thesis\painting-restoration-eval\data\processed\masks\p044_loss_small_mask.png,20264932,3.0,6.0,21050,4.276,3.5689,0,63,768,704,False,97.0,167.0,644.0,689.0,547,522,ok,
p044_loss_large,p044,p044_loss_large,loss_large,p044_loss_large_mask.png,D:\Masters\FH\Thesis\painting-restoration-eval\data\processed\masks\p044_loss_large_mask.png,20264933,10.0,18.0,49735,10.1028,8.4322,0,63,768,704,False,435.0,131.0,747.0,421.0,312,290,ok,
p044_mixed_damage,p044,p044_mixed_damage,mixed_damage,p044_mixed_damage_mask.png,D:\Masters\FH\Thesis\painting-restoration-eval\data\processed\masks\p044_mixed_damage_mask.png,20264934,8.0,15.0,49669,10.0894,8.421,0,63,768,704,True,27.0,63.0,768.0,704.0,741,641,ok,
p045_zero_control,p045,p045_zero_control,zero_control,p045_zero_control_mask.png,D:\Masters\FH\Thesis\painting-restoration-eval\data\processed\masks\p045_zero_control_mask.png,20265030,0.0,0.0,0,0.0,0.0,63,0,704,768,False,,,,,0,0,ok,
p045_scratch_thin,p045,p045_scratch_thin,scratch_thin,p045_scratch_thin_mask.png,D:\Masters\FH\Thesis\painting-restoration-eval\data\processed\masks\p045_scratch_thin_mask.png,20265031,1.0,3.0,11123,2.2594,1.8858,63,0,704,768,True,63.0,0.0,704.0,768.0,641,768,ok,
p045_loss_small,p045,p045_loss_small,loss_small,p045_loss_small_mask.png,D:\Masters\FH\Thesis\painting-restoration-eval\data\processed\masks\p045_loss_small_mask.png,20265032,3.0,6.0,19430,3.9469,3.2942,63,0,704,768,False,150.0,51.0,620.0,713.0,470,662,ok,
p045_loss_large,p045,p045_loss_large,loss_large,p045_loss_large_mask.png,D:\Masters\FH\Thesis\painting-restoration-eval\data\processed\masks\p045_loss_large_mask.png,20265033,10.0,18.0,84613,17.1877,14.3455,63,0,704,768,False,97.0,220.0,550.0,483.0,453,263,ok,
p045_mixed_damage,p045,p045_mixed_damage,mixed_damage,p045_mixed_damage_mask.png,D:\Masters\FH\Thesis\painting-restoration-eval\data\processed\masks\p045_mixed_damage_mask.png,20265034,8.0,15.0,41772,8.4853,7.0821,63,0,704,768,True,63.0,0.0,704.0,768.0,641,768,ok,
p046_zero_control,p046,p046_zero_control,zero_control,p046_zero_control_mask.png,D:\Masters\FH\Thesis\painting-restoration-eval\data\processed\masks\p046_zero_control_mask.png,20265130,0.0,0.0,0,0.0,0.0,0,91,768,677,False,,,,,0,0,ok,
p046_scratch_thin,p046,p046_scratch_thin,scratch_thin,p046_scratch_thin_mask.png,D:\Masters\FH\Thesis\painting-restoration-eval\data\processed\masks\p046_scratch_thin_mask.png,20265131,1.0,3.0,13388,2.9748,2.2698,0,91,768,677,True,0.0,91.0,768.0,677.0,768,586,ok,
p046_loss_small,p046,p046_loss_small,loss_small,p046_loss_small_mask.png,D:\Masters\FH\Thesis\painting-restoration-eval\data\processed\masks\p046_loss_small_mask.png,20265132,3.0,6.0,25992,5.7754,4.4067,0,91,768,677,False,146.0,139.0,743.0,524.0,597,385,ok,
p046_loss_large,p046,p046_loss_large,loss_large,p046_loss_large_mask.png,D:\Masters\FH\Thesis\painting-restoration-eval\data\processed\masks\p046_loss_large_mask.png,20265133,10.0,18.0,46619,10.3587,7.9039,0,91,768,677,False,115.0,292.0,378.0,556.0,263,264,ok,
p046_mixed_damage,p046,p046_mixed_damage,mixed_damage,p046_mixed_damage_mask.png,D:\Masters\FH\Thesis\painting-restoration-eval\data\processed\masks\p046_mixed_damage_mask.png,20265134,8.0,15.0,47037,10.4516,7.9748,0,91,768,677,True,0.0,91.0,768.0,654.0,768,563,ok,
p047_zero_control,p047,p047_zero_control,zero_control,p047_zero_control_mask.png,D:\Masters\FH\Thesis\painting-restoration-eval\data\processed\masks\p047_zero_control_mask.png,20265230,0.0,0.0,0,0.0,0.0,28,0,740,768,False,,,,,0,0,ok,
p047_scratch_thin,p047,p047_scratch_thin,scratch_thin,p047_scratch_thin_mask.png,D:\Masters\FH\Thesis\painting-restoration-eval\data\processed\masks\p047_scratch_thin_mask.png,20265231,1.0,3.0,11055,2.0217,1.8743,28,0,740,768,True,28.0,0.0,740.0,768.0,712,768,ok,
p047_loss_small,p047,p047_loss_small,loss_small,p047_loss_small_mask.png,D:\Masters\FH\Thesis\painting-restoration-eval\data\processed\masks\p047_loss_small_mask.png,20265232,3.0,6.0,26508,4.8477,4.4942,28,0,740,768,False,65.0,118.0,713.0,760.0,648,642,ok,
p047_loss_large,p047,p047_loss_large,loss_large,p047_loss_large_mask.png,D:\Masters\FH\Thesis\painting-restoration-eval\data\processed\masks\p047_loss_large_mask.png,20265233,10.0,18.0,93278,17.0584,15.8145,28,0,740,768,False,118.0,86.0,530.0,750.0,412,664,ok,
p047_mixed_damage,p047,p047_mixed_damage,mixed_damage,p047_mixed_damage_mask.png,D:\Masters\FH\Thesis\painting-restoration-eval\data\processed\masks\p047_mixed_damage_mask.png,20265234,8.0,15.0,48087,8.794,8.1528,28,0,740,768,True,28.0,0.0,740.0,768.0,712,768,ok,
p048_zero_control,p048,p048_zero_control,zero_control,p048_zero_control_mask.png,D:\Masters\FH\Thesis\painting-restoration-eval\data\processed\masks\p048_zero_control_mask.png,20265330,0.0,0.0,0,0.0,0.0,0,77,768,690,False,,,,,0,0,ok,
p048_scratch_thin,p048,p048_scratch_thin,scratch_thin,p048_scratch_thin_mask.png,D:\Masters\FH\Thesis\painting-restoration-eval\data\processed\masks\p048_scratch_thin_mask.png,20265331,1.0,3.0,9067,1.9259,1.5372,0,77,768,690,True,0.0,77.0,649.0,690.0,649,613,ok,
p048_loss_small,p048,p048_loss_small,loss_small,p048_loss_small_mask.png,D:\Masters\FH\Thesis\painting-restoration-eval\data\processed\masks\p048_loss_small_mask.png,20265332,3.0,6.0,24841,5.2765,4.2116,0,77,768,690,False,132.0,134.0,575.0,601.0,443,467,ok,
p048_loss_large,p048,p048_loss_large,loss_large,p048_loss_large_mask.png,D:\Masters\FH\Thesis\painting-restoration-eval\data\processed\masks\p048_loss_large_mask.png,20265333,10.0,18.0,63467,13.4811,10.7603,0,77,768,690,False,113.0,209.0,404.0,547.0,291,338,ok,
p048_mixed_damage,p048,p048_mixed_damage,mixed_damage,p048_mixed_damage_mask.png,D:\Masters\FH\Thesis\painting-restoration-eval\data\processed\masks\p048_mixed_damage_mask.png,20265334,8.0,15.0,52192,11.0862,8.8487,0,77,768,690,True,0.0,77.0,768.0,690.0,768,613,ok,
p049_zero_control,p049,p049_zero_control,zero_control,p049_zero_control_mask.png,D:\Masters\FH\Thesis\painting-restoration-eval\data\processed\masks\p049_zero_control_mask.png,20265430,0.0,0.0,0,0.0,0.0,142,0,625,768,False,,,,,0,0,ok,
p049_scratch_thin,p049,p049_scratch_thin,scratch_thin,p049_scratch_thin_mask.png,D:\Masters\FH\Thesis\painting-restoration-eval\data\processed\masks\p049_scratch_thin_mask.png,20265431,1.0,3.0,6498,1.7517,1.1017,142,0,625,768,True,142.0,0.0,625.0,768.0,483,768,ok,
p049_loss_small,p049,p049_loss_small,loss_small,p049_loss_small_mask.png,D:\Masters\FH\Thesis\painting-restoration-eval\data\processed\masks\p049_loss_small_mask.png,20265432,3.0,6.0,17470,4.7096,2.9619,142,0,625,768,False,215.0,47.0,601.0,609.0,386,562,ok,
p049_loss_large,p049,p049_loss_large,loss_large,p049_loss_large_mask.png,D:\Masters\FH\Thesis\painting-restoration-eval\data\processed\masks\p049_loss_large_mask.png,20265433,10.0,18.0,48472,13.0672,8.218,142,0,625,768,False,186.0,329.0,467.0,587.0,281,258,ok,
p049_mixed_damage,p049,p049_mixed_damage,mixed_damage,p049_mixed_damage_mask.png,D:\Masters\FH\Thesis\painting-restoration-eval\data\processed\masks\p049_mixed_damage_mask.png,20265434,8.0,15.0,46861,12.6329,7.9449,142,0,625,768,True,146.0,0.0,625.0,751.0,479,751,ok,
p050_zero_control,p050,p050_zero_control,zero_control,p050_zero_control_mask.png,D:\Masters\FH\Thesis\painting-restoration-eval\data\processed\masks\p050_zero_control_mask.png,20265530,0.0,0.0,0,0.0,0.0,93,0,675,768,False,,,,,0,0,ok,
p050_scratch_thin,p050,p050_scratch_thin,scratch_thin,p050_scratch_thin_mask.png,D:\Masters\FH\Thesis\painting-restoration-eval\data\processed\masks\p050_scratch_thin_mask.png,20265531,1.0,3.0,11991,2.6827,2.033,93,0,675,768,True,93.0,0.0,675.0,768.0,582,768,ok,
p050_loss_small,p050,p050_loss_small,loss_small,p050_loss_small_mask.png,D:\Masters\FH\Thesis\painting-restoration-eval\data\processed\masks\p050_loss_small_mask.png,20265532,3.0,6.0,14760,3.3022,2.5024,93,0,675,768,False,165.0,137.0,528.0,572.0,363,435,ok,
p050_loss_large,p050,p050_loss_large,loss_large,p050_loss_large_mask.png,D:\Masters\FH\Thesis\painting-restoration-eval\data\processed\masks\p050_loss_large_mask.png,20265533,10.0,18.0,51958,11.6243,8.8091,93,0,675,768,False,308.0,238.0,599.0,506.0,291,268,ok,
p050_mixed_damage,p050,p050_mixed_damage,mixed_damage,p050_mixed_damage_mask.png,D:\Masters\FH\Thesis\painting-restoration-eval\data\processed\masks\p050_mixed_damage_mask.png,20265534,8.0,15.0,39368,8.8076,6.6745,93,0,675,768,True,93.0,0.0,631.0,722.0,538,722,ok,
